{"cameraMode":{"drawMode":0,"name":"Shaded","section":"Shading Mode"},"sceneLighting":true,"audioPlay":false,"sceneViewState":{"showFog":false,"showMaterialUpdate":false,"showSkybox":false,"showFlares":false,"showImageEffects":false,"showParticleSystems":false},"in2DMode":false,"pivot":{"x":-2.9265804290771486,"y":1.2596092224121094,"z":-2.5962014198303224},"rotation":{"x":-0.24233591556549073,"y":-0.0958622545003891,"z":0.02406984195113182,"w":-0.9651448130607605},"size":8.146454811096192,"orthographic":false}