{"cameraMode":{"drawMode":0,"name":"Shaded","section":"Shading Mode"},"sceneLighting":true,"audioPlay":false,"sceneViewState":{"showFog":false,"showMaterialUpdate":false,"showSkybox":false,"showFlares":false,"showImageEffects":false,"showParticleSystems":false},"in2DMode":false,"pivot":{"x":-9.219799041748047,"y":18.71660614013672,"z":-6.133113384246826},"rotation":{"x":-0.46712714433670046,"y":-0.38023680448532107,"z":0.23260271549224854,"w":-0.7636152505874634},"size":5.514947414398193,"orthographic":false}